﻿[
	{
		"title":"羅智強要做基隆事長 不選基隆市長",
        "url": "http://forum.udn.com/forum/NewsLetter/NewsPreview?NewsID=8776362&ch=rss_BREAKINGNEWS1"
	},
	{
		"title":"海軍改變心意 中海艦不拆了",
		"url":"http://forum.udn.com/forum/NewsLetter/NewsPreview?NewsID=8776162&ch=rss_BREAKINGNEWS1"
	},
	{
		"title":"客委惠黃玉振下台 許俊逸接工程會",
		"url":"http://forum.udn.com/forum/NewsLetter/NewsPreview?NewsID=8776131&ch=rss_BREAKINGNEWS1"
	},
	{
		"title":"南區國稅局公告欠稅金額逾55億元",
		"url":"http://forum.udn.com/forum/NewsLetter/NewsPreview?NewsID=8776072&ch=rss_BREAKINGNEWS1"
	},
	{
		"title":"柯文哲：近幾年的縣市合併 混蛋想的",
		"url":"http://forum.udn.com/forum/NewsLetter/NewsPreview?NewsID=8775894&ch=rss_BREAKINGNEWS1"
	},
	{
		"title":"蕭美琴籲日版台灣關係法 納安全合作機制",
		"url":"http://forum.udn.com/forum/NewsLetter/NewsPreview?NewsID=8776038&ch=rss_BREAKINGNEWS1"
	},
	{
		"title":"加拿大不歡迎台灣？高安：兩國有免簽",
		"url":"http://forum.udn.com/forum/NewsLetter/NewsPreview?NewsID=8776034&ch=rss_BREAKINGNEWS1"
	},
	{
		"title":"外交部：官方中式請柬向無職銜",
		"url":"http://forum.udn.com/forum/NewsLetter/NewsPreview?NewsID=8776033&ch=rss_BREAKINGNEWS1"
	},
	{
		"title":"大故宮計畫 民間學者反對",
		"url":"http://forum.udn.com/forum/NewsLetter/NewsPreview?NewsID=8776031&ch=rss_BREAKINGNEWS1"
	},
	{
		"title":"柯文哲：政府處理核四 如把肛門縫起來",
		"url":"http://forum.udn.com/forum/NewsLetter/NewsPreview?NewsID=8776002&ch=rss_BREAKINGNEWS1"
	},
	{
		"title":"許俊逸接掌政委兼工程會主委",
		"url":"http://forum.udn.com/forum/NewsLetter/NewsPreview?NewsID=8775889&ch=rss_BREAKINGNEWS1"
	},
	{
		"title":"客委會黃玉振兩度請辭終獲准",
		"url":"http://forum.udn.com/forum/NewsLetter/NewsPreview?NewsID=8775909&ch=rss_BREAKINGNEWS1"
	},
	{
		"title":"請辭獲准 黃玉振：6年沒回家吃過晚餐",
		"url":"http://forum.udn.com/forum/NewsLetter/NewsPreview?NewsID=8775887&ch=rss_BREAKINGNEWS1"
	},
	{
		"title":"朱立倫連任新北市長 柯文哲存疑",
		"url":"http://forum.udn.com/forum/NewsLetter/NewsPreview?NewsID=8775879&ch=rss_BREAKINGNEWS1"
	},
	{
		"title":"陳亭妃諷監委被提名人：不見御史風骨 逢迎拍馬",
		"url":"http://forum.udn.com/forum/NewsLetter/NewsPreview?NewsID=8775877&ch=rss_BREAKINGNEWS1"
	},
	{
		"title":"士林法官學院 舉行啟用典禮",
		"url":"http://forum.udn.com/forum/NewsLetter/NewsPreview?NewsID=8775878&ch=rss_BREAKINGNEWS1"
	},
	{
		"title":"中研院院士候選人44位 周五公布誰當選",
		"url":"http://forum.udn.com/forum/NewsLetter/NewsPreview?NewsID=8775784&ch=rss_BREAKINGNEWS1"
	},
	{
		"title":"政院：客委會主委黃玉振請辭獲准",
		"url":"http://forum.udn.com/forum/NewsLetter/NewsPreview?NewsID=8775782&ch=rss_BREAKINGNEWS1"
	},
	{
		"title":"院士會議開幕 翁啟惠強調學術獨立",
		"url":"http://forum.udn.com/forum/NewsLetter/NewsPreview?NewsID=8775735&ch=rss_BREAKINGNEWS1"
	},
	{
		"title":"大二膽島交接 海巡暫以警棍無線電守島",
		"url":"http://forum.udn.com/forum/NewsLetter/NewsPreview?NewsID=8775729&ch=rss_BREAKINGNEWS1"
	}
]