[
	{"id":1, "name":"財經", "url":"#", "parent":0},
	{"id":2, "name":"科技", "url":"#", "parent":0},
	{"id":3, "name":"體育", "url":"#", "parent":0},
	{"id":4, "name":"娛樂", "url":"#", "parent":0},
	{"id":5, "name":"國際", "url":"#", "parent":0},
	{"id":6, "name":"投資", "url":"#", "parent":1},
	{"id":7, "name":"產業", "url":"#", "parent":1},
	{"id":8, "name":"經貿", "url":"#", "parent":1},
	{"id":9, "name":"資訊", "url":"#", "parent":2},
	{"id":10, "name":"科學", "url":"#", "parent":2},
	{"id":11, "name":"自然", "url":"#", "parent":2},
	{"id":12, "name":"棒球", "url":"#", "parent":3},
	{"id":13, "name":"籃球", "url":"#", "parent":3},
	{"id":14, "name":"網球", "url":"#", "parent":3},
	{"id":15, "name":"電影", "url":"#", "parent":4},
	{"id":16, "name":"音樂", "url":"#", "parent":4},
	{"id":17, "name":"影劇", "url":"#", "parent":4},
	{"id":18, "name":"亞澳", "url":"#", "parent":5},
	{"id":19, "name":"歐非", "url":"#", "parent":5},
	{"id":20, "name":"美洲", "url":"#", "parent":5},
	{"id":21, "name":"股市", "url":"#", "parent":6},
	{"id":22, "name":"期貨", "url":"#", "parent":6},
	{"id":23, "name":"台股", "url":"#", "parent":21},
	{"id":24, "name":"港股", "url":"#", "parent":21}
]